artist,album,title,genre,duration
Artist 1,Album 1,Song 1,Genere 19,160
Artist 2,Album 2,Song 2,Genere 15,134
Artist 2,Album 2,Song 3,Genere 7,228
Artist 2,Album 2,Song 4,Genere 16,90
Artist 2,Album 2,Song 5,Genere 20,119
Artist 2,Album 2,Song 6,Genere 20,129
Artist 2,Album 3,Song 7,Genere 16,267
Artist 2,Album 4,Song 8,Genere 17,208
Artist 2,Album 4,Song 9,Genere 8,216
Artist 2,Album 4,Song 10,Genere 4,262
Artist 2,Album 5,Song 11,Genere 5,247
Artist 2,Album 6,Song 12,Genere 18,134
Artist 2,Album 7,Song 13,Genere 25,101
Artist 2,Album 7,Song 14,Genere 3,243
Artist 2,Album 7,Song 15,Genere 14,114
Artist 3,Album 8,Song 16,Genere 1,198
Artist 3,Album 8,Song 17,Genere 24,284
Artist 3,Album 8,Song 18,Genere 16,129
Artist 3,Album 9,Song 19,Genere 16,206
Artist 3,Album 9,Song 20,Genere 24,177
Artist 3,Album 9,Song 21,Genere 21,275
Artist 3,Album 10,Song 22,Genere 14,242
Artist 3,Album 10,Song 23,Genere 4,132
Artist 3,Album 10,Song 24,Genere 18,273
Artist 3,Album 10,Song 25,Genere 10,188
Artist 3,Album 11,Song 26,Genere 25,177
Artist 3,Album 11,Song 27,Genere 15,260
Artist 3,Album 12,Song 28,Genere 18,187
Artist 3,Album 13,Song 29,Genere 13,101
Artist 3,Album 13,Song 30,Genere 1,224
Artist 3,Album 13,Song 31,Genere 2,166
Artist 3,Album 13,Song 32,Genere 17,194
Artist 3,Album 14,Song 33,Genere 17,208
Artist 3,Album 14,Song 34,Genere 5,107
Artist 3,Album 14,Song 35,Genere 7,175
Artist 3,Album 14,Song 36,Genere 14,127
Artist 3,Album 15,Song 37,Genere 9,213
Artist 3,Album 15,Song 38,Genere 9,174
Artist 3,Album 15,Song 39,Genere 23,94
Artist 4,Album 16,Song 40,Genere 25,197
Artist 4,Album 16,Song 41,Genere 2,170
Artist 4,Album 17,Song 42,Genere 24,109
Artist 4,Album 17,Song 43,Genere 8,282
Artist 4,Album 18,Song 44,Genere 22,123
Artist 4,Album 18,Song 45,Genere 12,165
Artist 4,Album 18,Song 46,Genere 12,238
Artist 4,Album 18,Song 47,Genere 3,131
Artist 4,Album 19,Song 48,Genere 7,116
Artist 4,Album 19,Song 49,Genere 18,91
Artist 4,Album 19,Song 50,Genere 1,223
Artist 4,Album 19,Song 51,Genere 14,158
Artist 4,Album 19,Song 52,Genere 22,157
Artist 4,Album 20,Song 53,Genere 4,91
Artist 4,Album 21,Song 54,Genere 19,170
Artist 5,Album 22,Song 55,Genere 7,159
Artist 5,Album 22,Song 56,Genere 16,111
Artist 5,Album 22,Song 57,Genere 20,166
Artist 5,Album 23,Song 58,Genere 18,93
Artist 5,Album 23,Song 59,Genere 2,300
Artist 5,Album 23,Song 60,Genere 4,220
Artist 5,Album 23,Song 61,Genere 8,242
Artist 6,Album 24,Song 62,Genere 5,151
Artist 6,Album 24,Song 63,Genere 13,95
Artist 6,Album 25,Song 64,Genere 20,221
Artist 6,Album 25,Song 65,Genere 6,297
Artist 6,Album 25,Song 66,Genere 21,219
Artist 6,Album 25,Song 67,Genere 22,108
Artist 7,Album 26,Song 68,Genere 8,146
Artist 7,Album 26,Song 69,Genere 22,272
Artist 7,Album 26,Song 70,Genere 6,125
Artist 7,Album 26,Song 71,Genere 9,158
Artist 7,Album 26,Song 72,Genere 9,160
Artist 7,Album 27,Song 73,Genere 13,158
Artist 7,Album 27,Song 74,Genere 19,238
Artist 7,Album 27,Song 75,Genere 20,176
Artist 7,Album 27,Song 76,Genere 21,251
Artist 7,Album 28,Song 77,Genere 3,230
Artist 7,Album 28,Song 78,Genere 11,194
Artist 7,Album 28,Song 79,Genere 14,298
Artist 7,Album 29,Song 80,Genere 20,205
Artist 7,Album 29,Song 81,Genere 2,270
Artist 7,Album 29,Song 82,Genere 24,158
Artist 7,Album 29,Song 83,Genere 1,265
Artist 7,Album 29,Song 84,Genere 9,188
Artist 7,Album 30,Song 85,Genere 25,118
Artist 7,Album 30,Song 86,Genere 21,294
Artist 7,Album 30,Song 87,Genere 4,235
Artist 7,Album 30,Song 88,Genere 4,152
Artist 7,Album 30,Song 89,Genere 8,189
Artist 7,Album 31,Song 90,Genere 1,133
Artist 7,Album 31,Song 91,Genere 1,158
Artist 7,Album 32,Song 92,Genere 23,222
Artist 7,Album 33,Song 93,Genere 9,158
Artist 7,Album 33,Song 94,Genere 6,149
Artist 7,Album 33,Song 95,Genere 14,253
Artist 7,Album 33,Song 96,Genere 8,191
Artist 7,Album 33,Song 97,Genere 18,125
Artist 8,Album 34,Song 98,Genere 9,158
Artist 8,Album 34,Song 99,Genere 14,268
Artist 8,Album 34,Song 100,Genere 16,246
Artist 8,Album 34,Song 101,Genere 4,198
Artist 8,Album 34,Song 102,Genere 19,165
Artist 8,Album 35,Song 103,Genere 18,177
Artist 8,Album 35,Song 104,Genere 13,201
Artist 8,Album 36,Song 105,Genere 21,217
Artist 8,Album 36,Song 106,Genere 4,118
Artist 8,Album 36,Song 107,Genere 6,194
Artist 8,Album 36,Song 108,Genere 4,202
Artist 8,Album 36,Song 109,Genere 19,269
Artist 8,Album 37,Song 110,Genere 5,268
Artist 8,Album 37,Song 111,Genere 6,186
Artist 9,Album 38,Song 112,Genere 14,286
Artist 9,Album 38,Song 113,Genere 18,227
Artist 9,Album 38,Song 114,Genere 5,236
Artist 9,Album 38,Song 115,Genere 11,251
Artist 9,Album 38,Song 116,Genere 3,117
Artist 9,Album 39,Song 117,Genere 3,203
Artist 9,Album 39,Song 118,Genere 22,100
Artist 9,Album 39,Song 119,Genere 7,189
Artist 9,Album 39,Song 120,Genere 17,106
Artist 9,Album 39,Song 121,Genere 1,125
Artist 10,Album 40,Song 122,Genere 6,93
Artist 10,Album 40,Song 123,Genere 3,254
Artist 10,Album 40,Song 124,Genere 12,286
Artist 10,Album 40,Song 125,Genere 17,199
Artist 10,Album 40,Song 126,Genere 23,113
Artist 10,Album 41,Song 127,Genere 22,212
Artist 10,Album 41,Song 128,Genere 21,128
Artist 10,Album 41,Song 129,Genere 17,282
Artist 10,Album 41,Song 130,Genere 19,167
Artist 10,Album 42,Song 131,Genere 10,118
Artist 10,Album 43,Song 132,Genere 6,297
Artist 10,Album 43,Song 133,Genere 6,288
Artist 10,Album 43,Song 134,Genere 10,206
Artist 10,Album 44,Song 135,Genere 3,263
Artist 10,Album 44,Song 136,Genere 22,105
Artist 10,Album 45,Song 137,Genere 16,104
Artist 10,Album 45,Song 138,Genere 23,290
Artist 10,Album 45,Song 139,Genere 21,184
Artist 10,Album 46,Song 140,Genere 3,294
Artist 10,Album 46,Song 141,Genere 21,93
Artist 10,Album 46,Song 142,Genere 12,178
Artist 10,Album 46,Song 143,Genere 8,90
Artist 10,Album 47,Song 144,Genere 7,259
Artist 11,Album 48,Song 145,Genere 2,208
Artist 11,Album 48,Song 146,Genere 23,258
Artist 11,Album 48,Song 147,Genere 7,298
Artist 11,Album 49,Song 148,Genere 25,200
Artist 11,Album 49,Song 149,Genere 25,275
Artist 11,Album 50,Song 150,Genere 13,159
Artist 11,Album 51,Song 151,Genere 15,300
Artist 11,Album 51,Song 152,Genere 20,202
Artist 11,Album 51,Song 153,Genere 16,247
Artist 11,Album 52,Song 154,Genere 13,167
Artist 11,Album 53,Song 155,Genere 19,199
Artist 11,Album 53,Song 156,Genere 3,206
Artist 11,Album 53,Song 157,Genere 6,267
Artist 11,Album 53,Song 158,Genere 1,136
Artist 11,Album 53,Song 159,Genere 15,180
Artist 11,Album 54,Song 160,Genere 5,114
Artist 12,Album 55,Song 161,Genere 4,227
Artist 12,Album 55,Song 162,Genere 15,296
Artist 12,Album 55,Song 163,Genere 24,90
Artist 12,Album 55,Song 164,Genere 25,108
Artist 12,Album 55,Song 165,Genere 19,178
Artist 12,Album 56,Song 166,Genere 13,146
Artist 12,Album 57,Song 167,Genere 19,95
Artist 12,Album 57,Song 168,Genere 3,204
Artist 12,Album 57,Song 169,Genere 21,197
Artist 12,Album 57,Song 170,Genere 12,133
Artist 12,Album 57,Song 171,Genere 11,155
Artist 12,Album 58,Song 172,Genere 22,256
Artist 12,Album 59,Song 173,Genere 23,189
Artist 12,Album 59,Song 174,Genere 11,276
Artist 12,Album 59,Song 175,Genere 3,235
Artist 12,Album 59,Song 176,Genere 12,110
Artist 12,Album 59,Song 177,Genere 12,196
Artist 12,Album 60,Song 178,Genere 25,254
Artist 12,Album 60,Song 179,Genere 11,162
Artist 12,Album 60,Song 180,Genere 4,100
Artist 12,Album 61,Song 181,Genere 19,138
Artist 12,Album 61,Song 182,Genere 21,175
Artist 13,Album 62,Song 183,Genere 8,129
Artist 13,Album 62,Song 184,Genere 10,290
Artist 13,Album 62,Song 185,Genere 7,144
Artist 13,Album 62,Song 186,Genere 21,111
Artist 13,Album 63,Song 187,Genere 1,130
Artist 13,Album 63,Song 188,Genere 7,300
Artist 13,Album 64,Song 189,Genere 11,211
Artist 13,Album 64,Song 190,Genere 13,227
Artist 13,Album 65,Song 191,Genere 15,118
Artist 13,Album 65,Song 192,Genere 22,243
Artist 13,Album 65,Song 193,Genere 1,271
Artist 13,Album 66,Song 194,Genere 7,261
Artist 13,Album 66,Song 195,Genere 3,208
Artist 13,Album 67,Song 196,Genere 13,190
Artist 13,Album 68,Song 197,Genere 15,279
Artist 13,Album 68,Song 198,Genere 8,201
Artist 13,Album 68,Song 199,Genere 22,136
Artist 13,Album 68,Song 200,Genere 17,154
Artist 13,Album 68,Song 201,Genere 19,247
Artist 13,Album 69,Song 202,Genere 2,118
Artist 13,Album 69,Song 203,Genere 20,285
Artist 13,Album 70,Song 204,Genere 18,127
Artist 13,Album 71,Song 205,Genere 11,192
Artist 13,Album 71,Song 206,Genere 11,186
Artist 13,Album 71,Song 207,Genere 9,109
Artist 13,Album 71,Song 208,Genere 25,300
Artist 13,Album 71,Song 209,Genere 1,90
Artist 14,Album 72,Song 210,Genere 18,258
Artist 14,Album 72,Song 211,Genere 5,234
Artist 14,Album 72,Song 212,Genere 13,144
Artist 14,Album 72,Song 213,Genere 25,257
Artist 14,Album 72,Song 214,Genere 9,279
Artist 14,Album 73,Song 215,Genere 3,296
Artist 14,Album 73,Song 216,Genere 20,256
Artist 14,Album 73,Song 217,Genere 4,194
Artist 14,Album 73,Song 218,Genere 23,284
Artist 14,Album 73,Song 219,Genere 22,284
Artist 14,Album 74,Song 220,Genere 2,156
Artist 14,Album 74,Song 221,Genere 5,183
Artist 14,Album 74,Song 222,Genere 25,181
Artist 14,Album 74,Song 223,Genere 23,136
Artist 14,Album 75,Song 224,Genere 8,110
Artist 14,Album 75,Song 225,Genere 21,205
Artist 14,Album 75,Song 226,Genere 7,288
Artist 14,Album 75,Song 227,Genere 2,177
Artist 14,Album 76,Song 228,Genere 19,170
Artist 14,Album 76,Song 229,Genere 14,200
Artist 14,Album 76,Song 230,Genere 17,154
Artist 14,Album 76,Song 231,Genere 12,204
Artist 14,Album 76,Song 232,Genere 8,263
Artist 14,Album 77,Song 233,Genere 4,106
Artist 14,Album 77,Song 234,Genere 21,92
Artist 14,Album 77,Song 235,Genere 2,246
Artist 14,Album 78,Song 236,Genere 13,104
Artist 14,Album 78,Song 237,Genere 8,206
Artist 14,Album 78,Song 238,Genere 23,112
Artist 14,Album 78,Song 239,Genere 6,201
Artist 14,Album 78,Song 240,Genere 1,125
Artist 15,Album 79,Song 241,Genere 6,177
Artist 15,Album 79,Song 242,Genere 12,90
Artist 15,Album 79,Song 243,Genere 3,203
Artist 15,Album 80,Song 244,Genere 14,229
Artist 15,Album 81,Song 245,Genere 25,182
Artist 15,Album 81,Song 246,Genere 4,104
Artist 15,Album 81,Song 247,Genere 18,202
Artist 15,Album 81,Song 248,Genere 6,151
Artist 15,Album 81,Song 249,Genere 21,192
Artist 16,Album 82,Song 250,Genere 15,162
Artist 16,Album 83,Song 251,Genere 5,191
Artist 16,Album 83,Song 252,Genere 11,150
Artist 16,Album 83,Song 253,Genere 4,150
Artist 16,Album 83,Song 254,Genere 8,150
Artist 16,Album 84,Song 255,Genere 16,108
Artist 16,Album 84,Song 256,Genere 17,106
Artist 16,Album 84,Song 257,Genere 18,189
Artist 16,Album 84,Song 258,Genere 24,133
Artist 16,Album 85,Song 259,Genere 17,111
Artist 16,Album 85,Song 260,Genere 22,177
Artist 16,Album 86,Song 261,Genere 10,237
Artist 16,Album 86,Song 262,Genere 8,244
Artist 16,Album 86,Song 263,Genere 10,251
Artist 16,Album 86,Song 264,Genere 25,120
Artist 16,Album 86,Song 265,Genere 22,117
Artist 16,Album 87,Song 266,Genere 24,102
Artist 16,Album 87,Song 267,Genere 18,141
Artist 17,Album 88,Song 268,Genere 17,121
Artist 17,Album 88,Song 269,Genere 9,184
Artist 17,Album 88,Song 270,Genere 16,273
Artist 17,Album 89,Song 271,Genere 15,159
Artist 17,Album 90,Song 272,Genere 9,266
Artist 17,Album 90,Song 273,Genere 24,140
Artist 17,Album 90,Song 274,Genere 20,251
Artist 17,Album 91,Song 275,Genere 1,213
Artist 17,Album 91,Song 276,Genere 21,207
Artist 17,Album 91,Song 277,Genere 24,200
Artist 17,Album 91,Song 278,Genere 21,190
Artist 17,Album 92,Song 279,Genere 14,240
Artist 17,Album 92,Song 280,Genere 19,177
Artist 17,Album 93,Song 281,Genere 25,233
Artist 17,Album 93,Song 282,Genere 2,183
Artist 18,Album 94,Song 283,Genere 10,250
Artist 18,Album 95,Song 284,Genere 5,118
Artist 18,Album 95,Song 285,Genere 1,139
Artist 18,Album 95,Song 286,Genere 17,154
Artist 18,Album 95,Song 287,Genere 24,277
Artist 18,Album 95,Song 288,Genere 15,125
Artist 18,Album 96,Song 289,Genere 17,228
Artist 18,Album 96,Song 290,Genere 18,95
Artist 18,Album 96,Song 291,Genere 18,222
Artist 18,Album 97,Song 292,Genere 25,172
Artist 18,Album 97,Song 293,Genere 9,180
Artist 18,Album 97,Song 294,Genere 21,282
Artist 18,Album 98,Song 295,Genere 10,122
Artist 18,Album 98,Song 296,Genere 22,257
Artist 18,Album 99,Song 297,Genere 18,144
Artist 18,Album 100,Song 298,Genere 19,228
Artist 18,Album 100,Song 299,Genere 11,281
Artist 19,Album 101,Song 300,Genere 5,155
Artist 19,Album 102,Song 301,Genere 4,214
Artist 19,Album 102,Song 302,Genere 1,219
Artist 19,Album 102,Song 303,Genere 8,293
Artist 19,Album 102,Song 304,Genere 1,243
Artist 19,Album 103,Song 305,Genere 14,177
Artist 20,Album 104,Song 306,Genere 19,152
Artist 20,Album 104,Song 307,Genere 4,295
Artist 20,Album 104,Song 308,Genere 8,122
Artist 20,Album 105,Song 309,Genere 3,187
Artist 20,Album 106,Song 310,Genere 4,170
Artist 20,Album 106,Song 311,Genere 23,102
Artist 20,Album 106,Song 312,Genere 16,260
Artist 20,Album 107,Song 313,Genere 10,259
Artist 20,Album 107,Song 314,Genere 3,236
Artist 21,Album 108,Song 315,Genere 23,226
Artist 21,Album 108,Song 316,Genere 2,130
Artist 21,Album 109,Song 317,Genere 2,98
Artist 21,Album 109,Song 318,Genere 5,268
Artist 21,Album 109,Song 319,Genere 23,146
Artist 21,Album 109,Song 320,Genere 24,116
Artist 21,Album 109,Song 321,Genere 20,155
Artist 21,Album 110,Song 322,Genere 1,142
Artist 21,Album 110,Song 323,Genere 14,235
Artist 21,Album 110,Song 324,Genere 3,269
Artist 21,Album 110,Song 325,Genere 6,174
Artist 21,Album 110,Song 326,Genere 23,179
Artist 22,Album 111,Song 327,Genere 4,218
Artist 22,Album 111,Song 328,Genere 8,257
Artist 22,Album 111,Song 329,Genere 12,99
Artist 22,Album 111,Song 330,Genere 6,158
Artist 22,Album 112,Song 331,Genere 25,140
Artist 22,Album 112,Song 332,Genere 1,178
Artist 22,Album 113,Song 333,Genere 8,190
Artist 22,Album 113,Song 334,Genere 16,117
Artist 22,Album 114,Song 335,Genere 1,96
Artist 22,Album 114,Song 336,Genere 14,256
Artist 22,Album 114,Song 337,Genere 21,121
Artist 22,Album 115,Song 338,Genere 4,102
Artist 22,Album 115,Song 339,Genere 11,228
Artist 22,Album 115,Song 340,Genere 8,174
Artist 22,Album 116,Song 341,Genere 8,96
Artist 22,Album 117,Song 342,Genere 16,189
Artist 22,Album 117,Song 343,Genere 13,106
Artist 22,Album 118,Song 344,Genere 25,221
Artist 22,Album 118,Song 345,Genere 2,91
Artist 22,Album 118,Song 346,Genere 13,146
Artist 22,Album 119,Song 347,Genere 14,248
Artist 22,Album 119,Song 348,Genere 20,252
Artist 22,Album 119,Song 349,Genere 24,281
Artist 22,Album 119,Song 350,Genere 18,217
Artist 22,Album 119,Song 351,Genere 21,185
Artist 22,Album 120,Song 352,Genere 22,282
Artist 22,Album 120,Song 353,Genere 4,281
Artist 22,Album 120,Song 354,Genere 15,231
Artist 22,Album 120,Song 355,Genere 21,277
Artist 23,Album 121,Song 356,Genere 2,271
Artist 23,Album 121,Song 357,Genere 5,227
Artist 23,Album 122,Song 358,Genere 11,99
Artist 23,Album 122,Song 359,Genere 23,244
Artist 23,Album 122,Song 360,Genere 21,222
Artist 24,Album 123,Song 361,Genere 13,231
Artist 24,Album 123,Song 362,Genere 23,199
Artist 24,Album 124,Song 363,Genere 6,221
Artist 24,Album 124,Song 364,Genere 11,176
Artist 24,Album 124,Song 365,Genere 5,264
Artist 24,Album 125,Song 366,Genere 5,180
Artist 24,Album 125,Song 367,Genere 3,100
Artist 24,Album 125,Song 368,Genere 10,125
Artist 24,Album 125,Song 369,Genere 16,124
Artist 24,Album 126,Song 370,Genere 12,278
Artist 24,Album 126,Song 371,Genere 16,115
Artist 24,Album 126,Song 372,Genere 14,188
Artist 25,Album 127,Song 373,Genere 3,222
Artist 25,Album 127,Song 374,Genere 1,202
Artist 25,Album 127,Song 375,Genere 15,225
Artist 25,Album 127,Song 376,Genere 6,235
Artist 25,Album 128,Song 377,Genere 10,227
Artist 25,Album 129,Song 378,Genere 22,229
Artist 25,Album 129,Song 379,Genere 18,161
Artist 25,Album 129,Song 380,Genere 1,141
Artist 25,Album 130,Song 381,Genere 25,271
Artist 25,Album 131,Song 382,Genere 17,300
Artist 25,Album 131,Song 383,Genere 4,255
Artist 25,Album 132,Song 384,Genere 20,149
Artist 25,Album 133,Song 385,Genere 24,252
Artist 25,Album 133,Song 386,Genere 25,244
Artist 26,Album 134,Song 387,Genere 21,109
Artist 26,Album 134,Song 388,Genere 15,255
Artist 26,Album 134,Song 389,Genere 22,165
Artist 26,Album 135,Song 390,Genere 20,296
Artist 26,Album 135,Song 391,Genere 17,236
Artist 26,Album 136,Song 392,Genere 5,146
Artist 26,Album 136,Song 393,Genere 3,151
Artist 26,Album 136,Song 394,Genere 12,234
Artist 26,Album 136,Song 395,Genere 21,246
Artist 26,Album 136,Song 396,Genere 25,94
Artist 26,Album 137,Song 397,Genere 21,217
Artist 26,Album 137,Song 398,Genere 12,175
Artist 27,Album 138,Song 399,Genere 23,198
Artist 27,Album 138,Song 400,Genere 3,161
Artist 27,Album 138,Song 401,Genere 4,202
Artist 27,Album 139,Song 402,Genere 17,137
Artist 27,Album 139,Song 403,Genere 3,195
Artist 27,Album 139,Song 404,Genere 3,274
Artist 27,Album 139,Song 405,Genere 1,191
Artist 27,Album 139,Song 406,Genere 3,137
Artist 27,Album 140,Song 407,Genere 1,152
Artist 27,Album 140,Song 408,Genere 16,155
Artist 27,Album 140,Song 409,Genere 8,278
Artist 27,Album 141,Song 410,Genere 15,255
Artist 27,Album 141,Song 411,Genere 19,253
Artist 27,Album 141,Song 412,Genere 5,170
Artist 27,Album 142,Song 413,Genere 12,158
Artist 27,Album 142,Song 414,Genere 3,125
Artist 27,Album 142,Song 415,Genere 15,190
Artist 27,Album 142,Song 416,Genere 2,245
Artist 27,Album 142,Song 417,Genere 5,222
Artist 27,Album 143,Song 418,Genere 15,160
Artist 27,Album 143,Song 419,Genere 16,110
Artist 27,Album 144,Song 420,Genere 23,239
Artist 27,Album 145,Song 421,Genere 23,172
Artist 27,Album 145,Song 422,Genere 12,266
Artist 28,Album 146,Song 423,Genere 6,249
Artist 28,Album 146,Song 424,Genere 15,247
Artist 28,Album 147,Song 425,Genere 23,99
Artist 28,Album 147,Song 426,Genere 19,205
Artist 28,Album 148,Song 427,Genere 14,284
Artist 28,Album 148,Song 428,Genere 8,198
Artist 28,Album 148,Song 429,Genere 19,202
Artist 28,Album 148,Song 430,Genere 8,116
Artist 28,Album 149,Song 431,Genere 3,241
Artist 28,Album 149,Song 432,Genere 14,292
Artist 28,Album 149,Song 433,Genere 12,255
Artist 28,Album 149,Song 434,Genere 21,103
Artist 28,Album 149,Song 435,Genere 21,195
Artist 28,Album 150,Song 436,Genere 1,193
Artist 28,Album 150,Song 437,Genere 14,288
Artist 28,Album 150,Song 438,Genere 9,242
Artist 28,Album 151,Song 439,Genere 25,292
Artist 28,Album 151,Song 440,Genere 19,129
Artist 28,Album 151,Song 441,Genere 21,256
Artist 29,Album 152,Song 442,Genere 2,211
Artist 29,Album 152,Song 443,Genere 5,223
Artist 29,Album 152,Song 444,Genere 9,112
Artist 29,Album 153,Song 445,Genere 21,193
Artist 29,Album 153,Song 446,Genere 13,230
Artist 29,Album 154,Song 447,Genere 3,292
Artist 29,Album 154,Song 448,Genere 10,264
Artist 29,Album 154,Song 449,Genere 7,139
Artist 29,Album 154,Song 450,Genere 25,224
Artist 29,Album 155,Song 451,Genere 10,169
Artist 29,Album 156,Song 452,Genere 1,106
Artist 29,Album 157,Song 453,Genere 5,145
Artist 29,Album 157,Song 454,Genere 23,276
Artist 29,Album 158,Song 455,Genere 25,285
Artist 29,Album 158,Song 456,Genere 18,143
Artist 29,Album 158,Song 457,Genere 22,125
Artist 29,Album 158,Song 458,Genere 4,186
Artist 29,Album 159,Song 459,Genere 17,97
Artist 29,Album 159,Song 460,Genere 11,235
Artist 29,Album 159,Song 461,Genere 24,162
Artist 29,Album 159,Song 462,Genere 1,211
Artist 29,Album 160,Song 463,Genere 24,215
Artist 29,Album 160,Song 464,Genere 21,161
Artist 29,Album 160,Song 465,Genere 13,233
Artist 29,Album 160,Song 466,Genere 6,96
Artist 29,Album 160,Song 467,Genere 16,147
Artist 29,Album 161,Song 468,Genere 5,210
Artist 29,Album 161,Song 469,Genere 15,222
Artist 29,Album 161,Song 470,Genere 23,260
Artist 29,Album 161,Song 471,Genere 5,143
Artist 29,Album 161,Song 472,Genere 4,291
Artist 30,Album 162,Song 473,Genere 14,294
Artist 31,Album 163,Song 474,Genere 24,189
Artist 31,Album 163,Song 475,Genere 3,244
Artist 31,Album 164,Song 476,Genere 15,165
Artist 31,Album 164,Song 477,Genere 24,151
Artist 31,Album 165,Song 478,Genere 17,182
Artist 31,Album 165,Song 479,Genere 1,100
Artist 31,Album 165,Song 480,Genere 22,206
Artist 31,Album 165,Song 481,Genere 22,224
Artist 31,Album 165,Song 482,Genere 13,107
Artist 31,Album 166,Song 483,Genere 21,257
Artist 31,Album 166,Song 484,Genere 4,122
Artist 31,Album 166,Song 485,Genere 20,184
Artist 31,Album 167,Song 486,Genere 22,196
Artist 31,Album 167,Song 487,Genere 8,168
Artist 31,Album 167,Song 488,Genere 2,156
Artist 31,Album 167,Song 489,Genere 7,208
Artist 31,Album 167,Song 490,Genere 14,204
Artist 32,Album 168,Song 491,Genere 6,225
Artist 32,Album 168,Song 492,Genere 9,287
Artist 32,Album 168,Song 493,Genere 5,248
Artist 32,Album 169,Song 494,Genere 3,113
Artist 32,Album 169,Song 495,Genere 14,135
Artist 32,Album 170,Song 496,Genere 12,158
Artist 32,Album 170,Song 497,Genere 24,120
Artist 32,Album 170,Song 498,Genere 17,295
Artist 32,Album 170,Song 499,Genere 15,191
Artist 32,Album 170,Song 500,Genere 4,174
Artist 32,Album 171,Song 501,Genere 20,232
Artist 32,Album 172,Song 502,Genere 9,240
Artist 32,Album 172,Song 503,Genere 20,149
Artist 32,Album 173,Song 504,Genere 9,106
Artist 33,Album 174,Song 505,Genere 21,187
Artist 33,Album 174,Song 506,Genere 22,291
Artist 33,Album 174,Song 507,Genere 10,206
Artist 33,Album 174,Song 508,Genere 10,267
Artist 33,Album 174,Song 509,Genere 9,151
Artist 33,Album 175,Song 510,Genere 23,249
Artist 33,Album 175,Song 511,Genere 10,112
Artist 33,Album 176,Song 512,Genere 14,292
Artist 33,Album 176,Song 513,Genere 3,181
Artist 33,Album 176,Song 514,Genere 21,206
Artist 33,Album 176,Song 515,Genere 14,144
Artist 33,Album 176,Song 516,Genere 23,173
Artist 33,Album 177,Song 517,Genere 8,265
Artist 33,Album 177,Song 518,Genere 13,276
Artist 33,Album 177,Song 519,Genere 21,203
Artist 33,Album 178,Song 520,Genere 4,233
Artist 33,Album 178,Song 521,Genere 21,93
Artist 33,Album 178,Song 522,Genere 5,285
Artist 33,Album 179,Song 523,Genere 14,246
Artist 33,Album 179,Song 524,Genere 13,149
Artist 33,Album 179,Song 525,Genere 10,217
Artist 33,Album 179,Song 526,Genere 8,234
Artist 33,Album 180,Song 527,Genere 13,168
Artist 33,Album 180,Song 528,Genere 25,193
Artist 33,Album 181,Song 529,Genere 7,281
Artist 33,Album 182,Song 530,Genere 2,90
Artist 33,Album 182,Song 531,Genere 1,107
Artist 33,Album 182,Song 532,Genere 1,270
Artist 33,Album 182,Song 533,Genere 11,214
Artist 33,Album 183,Song 534,Genere 8,146
Artist 33,Album 183,Song 535,Genere 11,103
Artist 34,Album 184,Song 536,Genere 4,229
Artist 34,Album 184,Song 537,Genere 7,261
Artist 34,Album 184,Song 538,Genere 2,296
Artist 34,Album 184,Song 539,Genere 13,257
Artist 34,Album 185,Song 540,Genere 15,180
Artist 34,Album 186,Song 541,Genere 13,261
Artist 34,Album 187,Song 542,Genere 11,274
Artist 34,Album 188,Song 543,Genere 6,289
Artist 34,Album 188,Song 544,Genere 5,276
Artist 34,Album 188,Song 545,Genere 18,205
Artist 34,Album 188,Song 546,Genere 23,106
Artist 34,Album 189,Song 547,Genere 25,154
Artist 34,Album 189,Song 548,Genere 2,145
Artist 34,Album 189,Song 549,Genere 9,290
Artist 34,Album 189,Song 550,Genere 15,267
Artist 35,Album 190,Song 551,Genere 11,268
Artist 35,Album 190,Song 552,Genere 16,206
Artist 35,Album 190,Song 553,Genere 6,268
Artist 35,Album 190,Song 554,Genere 13,212
Artist 35,Album 191,Song 555,Genere 23,254
Artist 35,Album 191,Song 556,Genere 9,277
Artist 35,Album 191,Song 557,Genere 10,227
Artist 35,Album 191,Song 558,Genere 22,214
Artist 35,Album 191,Song 559,Genere 16,147
Artist 35,Album 192,Song 560,Genere 18,285
Artist 35,Album 192,Song 561,Genere 25,151
Artist 35,Album 192,Song 562,Genere 13,193
Artist 35,Album 192,Song 563,Genere 4,161
Artist 35,Album 192,Song 564,Genere 3,102
Artist 35,Album 193,Song 565,Genere 25,134
Artist 35,Album 193,Song 566,Genere 16,183
Artist 35,Album 193,Song 567,Genere 24,215
Artist 35,Album 193,Song 568,Genere 10,294
Artist 35,Album 193,Song 569,Genere 2,133
Artist 35,Album 194,Song 570,Genere 2,127
Artist 35,Album 194,Song 571,Genere 23,231
Artist 35,Album 194,Song 572,Genere 11,228
Artist 35,Album 194,Song 573,Genere 16,193
Artist 35,Album 194,Song 574,Genere 9,299
Artist 35,Album 195,Song 575,Genere 22,109
Artist 35,Album 195,Song 576,Genere 13,271
Artist 35,Album 195,Song 577,Genere 9,97
Artist 35,Album 196,Song 578,Genere 18,121
Artist 35,Album 196,Song 579,Genere 13,256
Artist 35,Album 196,Song 580,Genere 25,260
Artist 35,Album 196,Song 581,Genere 3,149
Artist 35,Album 197,Song 582,Genere 19,142
Artist 35,Album 197,Song 583,Genere 5,223
Artist 35,Album 197,Song 584,Genere 6,251
Artist 35,Album 197,Song 585,Genere 19,276
Artist 35,Album 197,Song 586,Genere 21,170
Artist 35,Album 198,Song 587,Genere 2,192
Artist 35,Album 198,Song 588,Genere 19,218
Artist 35,Album 198,Song 589,Genere 18,285
Artist 35,Album 198,Song 590,Genere 11,163
Artist 35,Album 198,Song 591,Genere 13,287
Artist 36,Album 199,Song 592,Genere 9,141
Artist 36,Album 199,Song 593,Genere 9,101
Artist 37,Album 200,Song 594,Genere 5,110
Artist 37,Album 200,Song 595,Genere 14,117
Artist 37,Album 201,Song 596,Genere 23,140
Artist 37,Album 201,Song 597,Genere 4,165
Artist 37,Album 201,Song 598,Genere 9,110
Artist 37,Album 201,Song 599,Genere 9,221
Artist 37,Album 202,Song 600,Genere 24,128
Artist 37,Album 203,Song 601,Genere 6,178
Artist 37,Album 203,Song 602,Genere 22,108
Artist 37,Album 203,Song 603,Genere 2,175
Artist 37,Album 203,Song 604,Genere 20,251
Artist 37,Album 204,Song 605,Genere 17,298
Artist 38,Album 205,Song 606,Genere 23,239
Artist 38,Album 205,Song 607,Genere 7,223
Artist 38,Album 206,Song 608,Genere 8,153
Artist 38,Album 206,Song 609,Genere 24,253
Artist 38,Album 206,Song 610,Genere 22,167
Artist 38,Album 206,Song 611,Genere 14,209
Artist 38,Album 207,Song 612,Genere 7,124
Artist 38,Album 208,Song 613,Genere 1,155
Artist 38,Album 208,Song 614,Genere 5,215
Artist 38,Album 209,Song 615,Genere 16,218
Artist 38,Album 210,Song 616,Genere 4,235
Artist 38,Album 211,Song 617,Genere 10,236
Artist 38,Album 211,Song 618,Genere 6,143
Artist 38,Album 211,Song 619,Genere 8,294
Artist 38,Album 211,Song 620,Genere 12,172
Artist 38,Album 212,Song 621,Genere 25,181
Artist 38,Album 213,Song 622,Genere 23,238
Artist 38,Album 213,Song 623,Genere 12,211
Artist 38,Album 213,Song 624,Genere 13,205
Artist 38,Album 213,Song 625,Genere 13,162
Artist 39,Album 214,Song 626,Genere 18,223
Artist 39,Album 214,Song 627,Genere 17,231
Artist 39,Album 214,Song 628,Genere 20,252
Artist 39,Album 214,Song 629,Genere 2,225
Artist 39,Album 215,Song 630,Genere 13,214
Artist 39,Album 215,Song 631,Genere 14,211
Artist 39,Album 215,Song 632,Genere 2,219
Artist 39,Album 216,Song 633,Genere 6,216
Artist 39,Album 217,Song 634,Genere 22,102
Artist 39,Album 217,Song 635,Genere 9,213
Artist 39,Album 217,Song 636,Genere 17,151
Artist 39,Album 217,Song 637,Genere 23,233
Artist 39,Album 218,Song 638,Genere 3,219
Artist 39,Album 219,Song 639,Genere 9,143
Artist 39,Album 219,Song 640,Genere 20,299
Artist 39,Album 219,Song 641,Genere 15,212
Artist 39,Album 219,Song 642,Genere 17,126
Artist 40,Album 220,Song 643,Genere 12,199
Artist 40,Album 220,Song 644,Genere 24,107
Artist 40,Album 221,Song 645,Genere 4,166
Artist 40,Album 221,Song 646,Genere 25,172
Artist 40,Album 222,Song 647,Genere 23,243
Artist 40,Album 222,Song 648,Genere 17,203
Artist 40,Album 223,Song 649,Genere 2,96
Artist 40,Album 223,Song 650,Genere 10,280
Artist 40,Album 224,Song 651,Genere 1,204
Artist 40,Album 225,Song 652,Genere 22,141
Artist 40,Album 225,Song 653,Genere 7,260
Artist 40,Album 225,Song 654,Genere 3,94
Artist 40,Album 225,Song 655,Genere 14,212
Artist 40,Album 225,Song 656,Genere 11,288
Artist 40,Album 226,Song 657,Genere 16,259
Artist 40,Album 226,Song 658,Genere 16,208
Artist 40,Album 226,Song 659,Genere 24,250
Artist 41,Album 227,Song 660,Genere 18,150
Artist 41,Album 228,Song 661,Genere 16,213
Artist 41,Album 228,Song 662,Genere 6,220
Artist 41,Album 228,Song 663,Genere 14,205
Artist 41,Album 228,Song 664,Genere 7,147
Artist 41,Album 229,Song 665,Genere 8,283
Artist 41,Album 229,Song 666,Genere 17,113
Artist 41,Album 229,Song 667,Genere 21,108
Artist 41,Album 230,Song 668,Genere 7,288
Artist 41,Album 230,Song 669,Genere 22,247
Artist 42,Album 231,Song 670,Genere 4,287
Artist 42,Album 231,Song 671,Genere 15,178
Artist 42,Album 231,Song 672,Genere 12,183
Artist 42,Album 231,Song 673,Genere 4,253
Artist 42,Album 232,Song 674,Genere 21,210
Artist 42,Album 232,Song 675,Genere 3,221
Artist 42,Album 232,Song 676,Genere 18,212
Artist 42,Album 232,Song 677,Genere 12,190
Artist 42,Album 232,Song 678,Genere 25,155
Artist 42,Album 233,Song 679,Genere 9,140
Artist 42,Album 234,Song 680,Genere 4,199
Artist 42,Album 234,Song 681,Genere 19,269
Artist 42,Album 234,Song 682,Genere 11,97
Artist 42,Album 234,Song 683,Genere 4,270
Artist 42,Album 235,Song 684,Genere 7,265
Artist 42,Album 235,Song 685,Genere 12,151
Artist 42,Album 235,Song 686,Genere 2,116
Artist 43,Album 236,Song 687,Genere 4,260
Artist 43,Album 236,Song 688,Genere 10,107
Artist 43,Album 236,Song 689,Genere 3,93
Artist 43,Album 236,Song 690,Genere 6,174
Artist 43,Album 236,Song 691,Genere 19,261
Artist 44,Album 237,Song 692,Genere 11,156
Artist 44,Album 237,Song 693,Genere 11,277
Artist 44,Album 237,Song 694,Genere 7,179
Artist 44,Album 237,Song 695,Genere 23,248
Artist 44,Album 237,Song 696,Genere 15,240
Artist 44,Album 238,Song 697,Genere 19,296
Artist 44,Album 238,Song 698,Genere 1,262
Artist 44,Album 238,Song 699,Genere 20,137
Artist 44,Album 238,Song 700,Genere 8,179
Artist 44,Album 239,Song 701,Genere 23,192
Artist 44,Album 239,Song 702,Genere 1,206
Artist 44,Album 240,Song 703,Genere 16,103
Artist 44,Album 240,Song 704,Genere 13,196
Artist 44,Album 240,Song 705,Genere 12,234
Artist 44,Album 240,Song 706,Genere 6,236
Artist 44,Album 240,Song 707,Genere 25,113
Artist 44,Album 241,Song 708,Genere 11,210
Artist 44,Album 241,Song 709,Genere 2,220
Artist 44,Album 241,Song 710,Genere 6,158
Artist 44,Album 241,Song 711,Genere 6,177
Artist 44,Album 241,Song 712,Genere 2,223
Artist 45,Album 242,Song 713,Genere 5,179
Artist 45,Album 243,Song 714,Genere 12,172
Artist 46,Album 244,Song 715,Genere 24,150
Artist 46,Album 244,Song 716,Genere 22,98
Artist 46,Album 244,Song 717,Genere 17,166
Artist 46,Album 244,Song 718,Genere 10,141
Artist 46,Album 244,Song 719,Genere 4,95
Artist 46,Album 245,Song 720,Genere 2,297
Artist 46,Album 245,Song 721,Genere 23,270
Artist 46,Album 245,Song 722,Genere 10,227
Artist 47,Album 246,Song 723,Genere 4,215
Artist 47,Album 246,Song 724,Genere 7,218
Artist 47,Album 246,Song 725,Genere 13,135
Artist 47,Album 246,Song 726,Genere 13,90
Artist 47,Album 246,Song 727,Genere 8,107
Artist 47,Album 247,Song 728,Genere 6,266
Artist 47,Album 247,Song 729,Genere 15,99
Artist 47,Album 248,Song 730,Genere 17,201
Artist 48,Album 249,Song 731,Genere 7,264
Artist 48,Album 249,Song 732,Genere 2,107
Artist 48,Album 250,Song 733,Genere 14,210
Artist 48,Album 250,Song 734,Genere 4,119
Artist 48,Album 251,Song 735,Genere 1,200
Artist 48,Album 251,Song 736,Genere 6,213
Artist 48,Album 252,Song 737,Genere 9,235
Artist 48,Album 252,Song 738,Genere 17,172
Artist 48,Album 252,Song 739,Genere 21,121
Artist 48,Album 252,Song 740,Genere 9,108
Artist 48,Album 252,Song 741,Genere 5,274
Artist 48,Album 253,Song 742,Genere 17,192
Artist 48,Album 253,Song 743,Genere 24,249
Artist 48,Album 253,Song 744,Genere 5,271
Artist 48,Album 253,Song 745,Genere 4,270
Artist 48,Album 254,Song 746,Genere 8,198
Artist 48,Album 254,Song 747,Genere 5,135
Artist 48,Album 254,Song 748,Genere 24,225
Artist 49,Album 255,Song 749,Genere 25,99
Artist 49,Album 255,Song 750,Genere 19,94
Artist 49,Album 255,Song 751,Genere 7,212
Artist 49,Album 255,Song 752,Genere 18,189
Artist 49,Album 255,Song 753,Genere 1,118
Artist 49,Album 256,Song 754,Genere 7,279
Artist 49,Album 256,Song 755,Genere 19,283
Artist 49,Album 256,Song 756,Genere 6,216
Artist 49,Album 256,Song 757,Genere 22,108
Artist 49,Album 257,Song 758,Genere 10,125
Artist 49,Album 258,Song 759,Genere 11,164
Artist 50,Album 259,Song 760,Genere 22,199
Artist 50,Album 259,Song 761,Genere 12,187
Artist 50,Album 259,Song 762,Genere 5,252
Artist 50,Album 259,Song 763,Genere 13,116
Artist 51,Album 260,Song 764,Genere 20,179
Artist 51,Album 261,Song 765,Genere 7,149
Artist 51,Album 261,Song 766,Genere 5,242
Artist 51,Album 261,Song 767,Genere 11,218
Artist 51,Album 261,Song 768,Genere 17,206
Artist 51,Album 261,Song 769,Genere 15,293
Artist 52,Album 262,Song 770,Genere 14,131
Artist 52,Album 263,Song 771,Genere 20,273
Artist 52,Album 263,Song 772,Genere 9,231
Artist 52,Album 263,Song 773,Genere 6,274
Artist 52,Album 264,Song 774,Genere 24,203
Artist 52,Album 264,Song 775,Genere 17,200
Artist 52,Album 264,Song 776,Genere 12,175
Artist 52,Album 264,Song 777,Genere 16,258
Artist 52,Album 264,Song 778,Genere 2,265
Artist 52,Album 265,Song 779,Genere 5,286
Artist 52,Album 265,Song 780,Genere 3,299
Artist 52,Album 265,Song 781,Genere 12,297
Artist 52,Album 266,Song 782,Genere 10,121
Artist 52,Album 266,Song 783,Genere 7,206
Artist 52,Album 266,Song 784,Genere 22,175
Artist 52,Album 266,Song 785,Genere 16,211
Artist 52,Album 267,Song 786,Genere 9,142
Artist 52,Album 268,Song 787,Genere 3,136
Artist 52,Album 268,Song 788,Genere 1,173
Artist 52,Album 268,Song 789,Genere 9,223
Artist 52,Album 268,Song 790,Genere 2,278
Artist 53,Album 269,Song 791,Genere 24,258
Artist 53,Album 269,Song 792,Genere 23,256
Artist 53,Album 270,Song 793,Genere 10,145
Artist 53,Album 270,Song 794,Genere 10,259
Artist 53,Album 270,Song 795,Genere 11,166
Artist 53,Album 270,Song 796,Genere 24,261
Artist 54,Album 271,Song 797,Genere 11,237
Artist 54,Album 271,Song 798,Genere 7,278
Artist 54,Album 271,Song 799,Genere 23,171
Artist 54,Album 271,Song 800,Genere 8,205
Artist 54,Album 272,Song 801,Genere 19,139
Artist 54,Album 272,Song 802,Genere 4,202
Artist 54,Album 273,Song 803,Genere 9,174
Artist 54,Album 273,Song 804,Genere 3,219
Artist 54,Album 273,Song 805,Genere 4,135
Artist 54,Album 273,Song 806,Genere 12,230
Artist 54,Album 274,Song 807,Genere 21,142
Artist 54,Album 275,Song 808,Genere 17,200
Artist 54,Album 275,Song 809,Genere 21,178
Artist 54,Album 276,Song 810,Genere 11,154
Artist 54,Album 277,Song 811,Genere 24,287
Artist 54,Album 277,Song 812,Genere 20,300
Artist 54,Album 277,Song 813,Genere 6,270
Artist 54,Album 277,Song 814,Genere 17,142
Artist 54,Album 278,Song 815,Genere 2,167
Artist 54,Album 278,Song 816,Genere 6,243
Artist 54,Album 278,Song 817,Genere 15,184
Artist 55,Album 279,Song 818,Genere 8,228
Artist 55,Album 279,Song 819,Genere 13,124
Artist 56,Album 280,Song 820,Genere 12,225
Artist 56,Album 280,Song 821,Genere 15,246
Artist 56,Album 280,Song 822,Genere 20,241
Artist 56,Album 280,Song 823,Genere 22,207
Artist 56,Album 281,Song 824,Genere 22,247
Artist 56,Album 281,Song 825,Genere 22,178
Artist 56,Album 281,Song 826,Genere 16,108
Artist 56,Album 281,Song 827,Genere 10,152
Artist 56,Album 281,Song 828,Genere 15,131
Artist 56,Album 282,Song 829,Genere 25,181
Artist 56,Album 283,Song 830,Genere 15,101
Artist 56,Album 284,Song 831,Genere 21,120
Artist 56,Album 285,Song 832,Genere 19,258
Artist 56,Album 285,Song 833,Genere 16,128
Artist 56,Album 285,Song 834,Genere 8,156
Artist 56,Album 285,Song 835,Genere 9,225
Artist 56,Album 285,Song 836,Genere 3,276
Artist 56,Album 286,Song 837,Genere 18,196
Artist 56,Album 286,Song 838,Genere 14,171
Artist 56,Album 286,Song 839,Genere 25,244
Artist 56,Album 287,Song 840,Genere 10,128
Artist 57,Album 288,Song 841,Genere 24,294
Artist 57,Album 288,Song 842,Genere 17,226
Artist 57,Album 289,Song 843,Genere 16,92
Artist 57,Album 290,Song 844,Genere 18,280
Artist 57,Album 290,Song 845,Genere 19,236
Artist 57,Album 290,Song 846,Genere 2,99
Artist 57,Album 290,Song 847,Genere 4,232
Artist 57,Album 291,Song 848,Genere 8,244
Artist 57,Album 292,Song 849,Genere 5,233
Artist 57,Album 292,Song 850,Genere 17,166
Artist 57,Album 292,Song 851,Genere 13,277
Artist 57,Album 292,Song 852,Genere 16,215
Artist 57,Album 293,Song 853,Genere 2,179
Artist 57,Album 293,Song 854,Genere 25,286
Artist 57,Album 294,Song 855,Genere 22,228
Artist 57,Album 294,Song 856,Genere 14,226
Artist 57,Album 295,Song 857,Genere 19,223
Artist 57,Album 295,Song 858,Genere 11,131
Artist 57,Album 296,Song 859,Genere 25,261
Artist 57,Album 296,Song 860,Genere 12,162
Artist 57,Album 296,Song 861,Genere 22,102
Artist 57,Album 296,Song 862,Genere 23,107
Artist 57,Album 297,Song 863,Genere 5,127
Artist 57,Album 297,Song 864,Genere 7,154
Artist 57,Album 297,Song 865,Genere 8,122
Artist 58,Album 298,Song 866,Genere 11,167
Artist 58,Album 298,Song 867,Genere 16,190
Artist 58,Album 298,Song 868,Genere 20,250
Artist 58,Album 298,Song 869,Genere 18,130
Artist 58,Album 298,Song 870,Genere 12,122
Artist 58,Album 299,Song 871,Genere 1,300
Artist 58,Album 299,Song 872,Genere 3,248
Artist 58,Album 299,Song 873,Genere 13,96
Artist 59,Album 300,Song 874,Genere 11,152
Artist 59,Album 300,Song 875,Genere 19,145
Artist 59,Album 300,Song 876,Genere 4,161
Artist 59,Album 300,Song 877,Genere 13,245
Artist 59,Album 301,Song 878,Genere 15,163
Artist 59,Album 301,Song 879,Genere 6,193
Artist 59,Album 302,Song 880,Genere 19,136
Artist 59,Album 303,Song 881,Genere 15,122
Artist 60,Album 304,Song 882,Genere 20,121
Artist 60,Album 305,Song 883,Genere 23,178
Artist 60,Album 305,Song 884,Genere 2,184
Artist 60,Album 306,Song 885,Genere 11,254
Artist 61,Album 307,Song 886,Genere 12,242
Artist 61,Album 307,Song 887,Genere 18,233
Artist 61,Album 307,Song 888,Genere 3,191
Artist 61,Album 307,Song 889,Genere 4,143
Artist 61,Album 307,Song 890,Genere 1,189
Artist 61,Album 308,Song 891,Genere 3,286
Artist 61,Album 308,Song 892,Genere 25,275
Artist 61,Album 308,Song 893,Genere 7,276
Artist 61,Album 308,Song 894,Genere 18,283
Artist 61,Album 309,Song 895,Genere 5,223
Artist 61,Album 309,Song 896,Genere 16,120
Artist 61,Album 309,Song 897,Genere 9,165
Artist 61,Album 309,Song 898,Genere 19,148
Artist 61,Album 309,Song 899,Genere 2,226
Artist 62,Album 310,Song 900,Genere 2,153
Artist 62,Album 310,Song 901,Genere 1,179
Artist 62,Album 310,Song 902,Genere 2,204
Artist 62,Album 310,Song 903,Genere 25,107
Artist 62,Album 310,Song 904,Genere 1,293
Artist 62,Album 311,Song 905,Genere 8,205
Artist 62,Album 312,Song 906,Genere 25,181
Artist 62,Album 312,Song 907,Genere 5,132
Artist 62,Album 313,Song 908,Genere 19,271
Artist 62,Album 313,Song 909,Genere 11,249
Artist 62,Album 314,Song 910,Genere 3,205
Artist 62,Album 314,Song 911,Genere 9,247
Artist 62,Album 314,Song 912,Genere 19,272
Artist 62,Album 314,Song 913,Genere 5,169
Artist 62,Album 314,Song 914,Genere 18,256
Artist 62,Album 315,Song 915,Genere 16,294
Artist 62,Album 316,Song 916,Genere 5,162
Artist 62,Album 316,Song 917,Genere 19,265
Artist 62,Album 316,Song 918,Genere 22,132
Artist 62,Album 317,Song 919,Genere 8,215
Artist 62,Album 317,Song 920,Genere 2,171
Artist 62,Album 317,Song 921,Genere 8,109
Artist 62,Album 317,Song 922,Genere 22,183
Artist 63,Album 318,Song 923,Genere 17,204
Artist 63,Album 318,Song 924,Genere 5,160
Artist 63,Album 318,Song 925,Genere 13,132
Artist 63,Album 318,Song 926,Genere 6,161
Artist 63,Album 318,Song 927,Genere 4,253
Artist 64,Album 319,Song 928,Genere 19,137
Artist 64,Album 319,Song 929,Genere 9,188
Artist 64,Album 319,Song 930,Genere 19,92
Artist 64,Album 319,Song 931,Genere 22,92
Artist 64,Album 320,Song 932,Genere 14,207
Artist 64,Album 321,Song 933,Genere 20,290
Artist 64,Album 321,Song 934,Genere 7,166
Artist 64,Album 322,Song 935,Genere 20,158
Artist 64,Album 322,Song 936,Genere 24,224
Artist 64,Album 322,Song 937,Genere 22,171
Artist 64,Album 323,Song 938,Genere 20,115
Artist 64,Album 324,Song 939,Genere 4,198
Artist 64,Album 324,Song 940,Genere 13,240
Artist 64,Album 324,Song 941,Genere 11,292
Artist 64,Album 324,Song 942,Genere 18,266
Artist 64,Album 325,Song 943,Genere 2,266
Artist 64,Album 325,Song 944,Genere 10,270
Artist 64,Album 325,Song 945,Genere 15,97
Artist 64,Album 325,Song 946,Genere 23,116
Artist 64,Album 325,Song 947,Genere 25,288
Artist 65,Album 326,Song 948,Genere 24,269
Artist 65,Album 326,Song 949,Genere 23,169
Artist 65,Album 326,Song 950,Genere 12,241
Artist 65,Album 327,Song 951,Genere 23,267
Artist 65,Album 327,Song 952,Genere 7,232
Artist 65,Album 327,Song 953,Genere 16,161
Artist 65,Album 327,Song 954,Genere 19,195
Artist 65,Album 327,Song 955,Genere 14,264
Artist 65,Album 328,Song 956,Genere 7,109
Artist 65,Album 329,Song 957,Genere 11,156
Artist 65,Album 330,Song 958,Genere 11,189
Artist 65,Album 330,Song 959,Genere 9,217
Artist 65,Album 330,Song 960,Genere 24,144
Artist 65,Album 330,Song 961,Genere 3,269
Artist 65,Album 331,Song 962,Genere 3,134
Artist 65,Album 331,Song 963,Genere 17,218
Artist 65,Album 331,Song 964,Genere 9,295
Artist 66,Album 332,Song 965,Genere 24,300
Artist 66,Album 332,Song 966,Genere 20,124
Artist 66,Album 332,Song 967,Genere 19,198
Artist 66,Album 332,Song 968,Genere 22,203
Artist 66,Album 333,Song 969,Genere 8,271
Artist 66,Album 333,Song 970,Genere 17,188
Artist 66,Album 334,Song 971,Genere 13,202
Artist 66,Album 334,Song 972,Genere 7,294
Artist 66,Album 334,Song 973,Genere 25,167
Artist 67,Album 335,Song 974,Genere 15,120
Artist 67,Album 335,Song 975,Genere 21,100
Artist 67,Album 335,Song 976,Genere 6,197
Artist 67,Album 335,Song 977,Genere 21,284
Artist 67,Album 335,Song 978,Genere 13,122
Artist 67,Album 336,Song 979,Genere 11,130
Artist 67,Album 337,Song 980,Genere 13,185
Artist 67,Album 337,Song 981,Genere 17,291
Artist 67,Album 337,Song 982,Genere 13,104
Artist 67,Album 338,Song 983,Genere 25,141
Artist 67,Album 338,Song 984,Genere 5,109
Artist 67,Album 338,Song 985,Genere 17,242
Artist 68,Album 339,Song 986,Genere 10,300
Artist 68,Album 339,Song 987,Genere 22,151
Artist 68,Album 340,Song 988,Genere 11,227
Artist 68,Album 340,Song 989,Genere 9,238
Artist 68,Album 340,Song 990,Genere 8,163
Artist 68,Album 340,Song 991,Genere 18,188
Artist 68,Album 340,Song 992,Genere 21,239
Artist 69,Album 341,Song 993,Genere 7,100
Artist 69,Album 342,Song 994,Genere 21,156
Artist 69,Album 343,Song 995,Genere 22,158
Artist 69,Album 344,Song 996,Genere 16,280
Artist 69,Album 344,Song 997,Genere 16,292
Artist 69,Album 344,Song 998,Genere 15,256
Artist 69,Album 345,Song 999,Genere 15,116
Artist 69,Album 345,Song 1000,Genere 4,123
Artist 69,Album 345,Song 1001,Genere 3,144
Artist 69,Album 345,Song 1002,Genere 1,273
Artist 69,Album 346,Song 1003,Genere 24,230
Artist 69,Album 347,Song 1004,Genere 10,105
Artist 70,Album 348,Song 1005,Genere 14,97
Artist 70,Album 348,Song 1006,Genere 11,232
Artist 70,Album 348,Song 1007,Genere 3,196
Artist 70,Album 349,Song 1008,Genere 25,300
Artist 71,Album 350,Song 1009,Genere 21,247
Artist 71,Album 350,Song 1010,Genere 18,247
Artist 71,Album 350,Song 1011,Genere 19,208
Artist 71,Album 351,Song 1012,Genere 22,232
Artist 71,Album 351,Song 1013,Genere 14,188
Artist 71,Album 351,Song 1014,Genere 24,90
Artist 71,Album 351,Song 1015,Genere 1,120
Artist 71,Album 351,Song 1016,Genere 18,166
Artist 71,Album 352,Song 1017,Genere 19,292
Artist 71,Album 352,Song 1018,Genere 10,186
Artist 71,Album 353,Song 1019,Genere 2,284
Artist 71,Album 353,Song 1020,Genere 5,114
Artist 71,Album 354,Song 1021,Genere 3,105
Artist 71,Album 354,Song 1022,Genere 5,124
Artist 71,Album 354,Song 1023,Genere 4,254
Artist 71,Album 355,Song 1024,Genere 4,176
Artist 71,Album 355,Song 1025,Genere 6,289
Artist 71,Album 356,Song 1026,Genere 10,132
Artist 71,Album 356,Song 1027,Genere 13,297
Artist 71,Album 356,Song 1028,Genere 3,109
Artist 71,Album 357,Song 1029,Genere 17,293
Artist 71,Album 357,Song 1030,Genere 20,235
Artist 71,Album 357,Song 1031,Genere 16,144
Artist 71,Album 358,Song 1032,Genere 3,162
Artist 71,Album 359,Song 1033,Genere 16,263
Artist 71,Album 359,Song 1034,Genere 14,184
Artist 72,Album 360,Song 1035,Genere 16,166
Artist 72,Album 360,Song 1036,Genere 8,256
Artist 72,Album 360,Song 1037,Genere 6,259
Artist 72,Album 360,Song 1038,Genere 1,154
Artist 72,Album 361,Song 1039,Genere 11,124
Artist 72,Album 362,Song 1040,Genere 5,294
Artist 72,Album 362,Song 1041,Genere 10,298
Artist 72,Album 362,Song 1042,Genere 21,251
Artist 72,Album 363,Song 1043,Genere 16,153
Artist 72,Album 363,Song 1044,Genere 10,211
Artist 72,Album 363,Song 1045,Genere 23,120
Artist 73,Album 364,Song 1046,Genere 19,256
Artist 73,Album 364,Song 1047,Genere 10,172
Artist 73,Album 364,Song 1048,Genere 4,298
Artist 73,Album 364,Song 1049,Genere 11,276
Artist 73,Album 364,Song 1050,Genere 16,255
Artist 73,Album 365,Song 1051,Genere 5,268
Artist 73,Album 365,Song 1052,Genere 24,192
Artist 73,Album 366,Song 1053,Genere 5,110
Artist 73,Album 366,Song 1054,Genere 11,282
Artist 73,Album 366,Song 1055,Genere 10,300
Artist 73,Album 367,Song 1056,Genere 25,256
Artist 73,Album 367,Song 1057,Genere 25,250
Artist 73,Album 367,Song 1058,Genere 13,135
Artist 73,Album 367,Song 1059,Genere 20,174
Artist 73,Album 368,Song 1060,Genere 14,285
Artist 73,Album 368,Song 1061,Genere 7,199
Artist 73,Album 368,Song 1062,Genere 20,94
Artist 73,Album 368,Song 1063,Genere 1,215
Artist 73,Album 369,Song 1064,Genere 3,250
Artist 73,Album 369,Song 1065,Genere 6,200
Artist 73,Album 369,Song 1066,Genere 15,221
Artist 73,Album 369,Song 1067,Genere 18,261
Artist 73,Album 370,Song 1068,Genere 10,260
Artist 73,Album 370,Song 1069,Genere 18,252
Artist 73,Album 370,Song 1070,Genere 13,247
Artist 73,Album 370,Song 1071,Genere 4,172
Artist 73,Album 370,Song 1072,Genere 16,121
